CREATE DATABASE PATIENTS_PACEMAKER_MANAGEMENT_SYSTEM;
USE PATIENTS_PACEMAKER_MANAGEMENT_SYSTEM;

-- patients table 
CREATE TABLE PATIENTS
 (
PATIENT_ID VARCHAR(50)  PRIMARY KEY,
NAME VARCHAR(50) NOT NULL,
DATE_OF_BIRTH DATE NOT NULL,
GENDER VARCHAR(50) NOT NULL, 
PHONE_NUMBER VARCHAR(10),
EMAIL_ID VARCHAR(100),
ADDRESS VARCHAR(300)
);

INSERT INTO PATIENTS (PATIENT_ID, NAME, DATE_OF_BIRTH, GENDER,  PHONE_NUMBER, EMAIL_ID, ADDRESS) VALUES
('PID001', 'Arjun Rajendran', '1985-07-15', 'Male', '9876543210', 'arjun.r@gmail.com', '12 Gandhi Street, Chennai'),
('PID002', 'Meenakshi Sundaram', '1990-11-22', 'Female', '8765432190', 'meenakshi.s@gmail.com', '45 Temple Road, Madurai'),
('PID003', 'Karthikeyan Pillai', '1978-03-08', 'Male', '7654321890', 'karthikeyanpillai@gmail.com', '78 Beach Avenue, Pondicherry'),
('PID004', 'Deepika Iyer', '1982-09-30', 'Female', '6543219870', 'deepika.i@gmail.com', '34 Market Street, Coimbatore'),
('PID005', 'Senthil Kumar', '1995-04-17', 'Male', '9432108765', 'senthil.k@gmail.com', '56 Hill View, Ooty'),
('PID006', 'Anjali Chettiar', '1989-12-25', 'Female', '8321097654', 'anjali.c@gmail.com', '23 River Side, Trichy'),
('PID007', 'Vishnu Raman', '1975-06-14', 'Male', '7210986543', 'vishnu.r@gmail.com', '89 Main Road, Salem'),
('PID008', 'Priya Narayanan', '1980-08-19', 'Female', '6109875432', 'priyanarayanan@gmail.com', '12 College Street, Thanjavur'),
('PID009', 'Mohan Das', '1992-02-28', 'Male', '7987654321', 'mohan.d@gmail.com', '45 Raja Street, Kanchipuram'),
('PID010', 'Shanti Subramanian', '1987-05-12', 'Female', '9876543210', 'shanti.s@gmail.com', '78 Temple Nagar, Rameswaram'),
('PID011', 'Rajesh Pillai', '1983-10-05', 'Male', '7765432190', 'rajesh.p@gmail.com', '34 Beach Road, Mahabalipuram'),
('PID012', 'Lakshmi Krishnan', '1991-07-30', 'Female', '8654321890', 'lakshmi.k@gmail.com', '56 Market Colony, Tirunelveli'),
('PID013', 'Suresh Iyengar', '1979-04-18', 'Male', '9543219870', 'sureshiyengar@gmail.com', '23 Gandhi Nagar, Vellore'),
('PID014', 'Geetha Menon', '1986-01-22', 'Female', '9432108765', 'geetha.m@gmail.com', '89 Park Street, Kanyakumari'),
('PID015', 'Harishankar Moorthy', '1993-08-15', 'Male', '8321097654', 'harish.m@gmail.com', '12 Railway Road, Erode'),
('PID016', 'Malini Venkatesh', '1981-03-09', 'Female', '7210986543', 'malini.v@gmail.com', '45 Lake View, Hosur'),
('PID017', 'Prakash Reddy', '1977-06-24', 'Male', '6109875432', 'prakash.r@gmail.com', '78 School Street, Nagercoil'),
('PID018', 'Vijayalakshmi Sarma', '1994-11-11', 'Female', '6987654321', 'vijaya.s@gmail.com', '34 Hospital Road, Cuddalore'),
('PID019', 'Kamal Haasan', '1990-12-31', 'Male', '8876543210', 'kamal.h@gmail.com', '56 Cinema Street, Chennai'),
('PID020', 'Ambika Prasad', '1984-09-08', 'Female', '9765432190', 'ambika.p@gmail.com', '23 Theatre Road, Madurai'),
('PID021', 'Balaji Subramaniam', '1976-02-14', 'Male', '7654321980', 'balaji.s@gmail.com', '12 Old Town, Tirupur'),
('PID022', 'Nandhini Ramesh', '1988-05-20', 'Female', '8543219876', 'nandhini.r@gmail.com', '45 New Colony, Dindigul'),
('PID023', 'Srinivasan Kumar', '1992-03-15', 'Male', '9432108765', 'srinivasan.k@gmail.com', '78 Green Park, Thoothukudi'),
('PID024', 'Kavitha Rani', '1983-07-10', 'Female', '8321097654', 'kavitha.r@gmail.com', '34 Sunset Boulevard, Kodaikanal'),
('PID025', 'Ravi Chandran', '1980-11-05', 'Male', '7210986543', 'ravi.c@gmail.com', '56 Hilltop, Vellore'),
('PID026', 'Sangeetha Devi', '1991-09-22', 'Female', '6109875432', 'sangeetha.d@gmail.com', '12 Riverside, Tiruchirappalli'),
('PID027', 'Ajay Kumar', '1987-04-18', 'Male', '9987654321', 'ajay.k@gmail.com', '45 Coastal Road, Chennai'),
('PID028', 'Lakshmi Narayanan', '1994-12-30', 'Female', '7876543210', 'lakshmi.n@gmail.com', '78 City Center, Madurai'),
('PID029', 'Venkatesh Iyer', '1985-06-14', 'Male', '8765432190', 'venkatesh.i@gmail.com', '34 Main Street, Coimbatore'),
('PID030', 'Anitha Raghavan', '1990-08-25', 'Female', '6654321980', 'anitha.r@gmail.com', '56 Market Square, Salem'),
('PID031', 'Kumaravel S', '1982-03-12', 'Male', '8543219876', 'kumaravel.s@gmail.com', '23 Hill View, Ooty'),
('PID032', 'Pooja Sharma', '1989-11-11', 'Female', '9432108765', 'pooja.s@gmail.com', '89 Park Avenue, Tirunelveli'),
('PID033', 'Raghavendra Rao', '1978-02-20', 'Male', '8321097654', 'raghavendra.r@gmail.com', '12 College Road, Kanyakumari'),
('PID034', 'Sowmya Reddy', '1993-05-30', 'Female', '7210986543', 'sowmya.r@gmail.com', '45 Riverside, Thanjavur'),
('PID035', 'Narasimhan', '1981-07-15', 'Male', '6109875432', 'narasimhan@gmail.com', '78 Old Town, Erode'),
('PID036', 'Divya Nair', '1990-09-09', 'Female', '7987654321', 'divyanair@gmail.com', '34 New Colony, Tirupur'),
('PID037', 'Suresh Babu', '1984-10-10', 'Male', '9876543210', 'suresh.b@gmail.com', '56 Coastal Road, Dindigul'),
('PID038', 'Kavitha S', '1992-01-01', 'Female', '7765432190', 'kavitha.s@gmail.com', '23 Sunset Boulevard, Kodaikanal'),
('PID039', 'Rajendran S', '1986-03-03', 'Male', '9654321980', 'rajendran.s@gmail.com', '45 City Center, Chennai'),
('PID040', 'Anjali S', '1988-12-12', 'Female', '6543219876', 'anjali.s@gmail.com', '78 Hilltop, Madurai'),
('PID041', 'Vikram S', '1991-04-04', 'Male', '9432108765', 'vikram.s@gmail.com', '12 Riverside, Coimbatore'),
('PID042', 'Sangeetha K', '1983-08-08', 'Female', '8321097654', 'sangeetha.k@gmail.com', '34 Main Street, Salem'),
('PID043', 'Ravi K', '1985-05-05', 'Male', '7210986543', 'ravik@gmail.com', '56 Market Square, Tirunelveli'),
('PID044', 'Lakshmi P', '1990-11-11', 'Female', '6109875432', 'lakshmi.p@gmail.com', '23 Hill View, Ooty'),
('PID045', 'Ajay S', '1987-06-06', 'Male', '9987654321', 'ajay.s@gmail.com', '45 Coastal Road, Kanyakumari'),
('PID046', 'Nandhini K', '1994-09-09', 'Female', '8876543210', 'nandhini.k@gmail.com', '78 City Center, Chennai'),
('PID047', 'Srinivasan K', '1982-12-12', 'Male', '7765432190', 'srinivasan.k@gmail.com', '34 New Colony, Madurai'),
('PID048', 'Kavitha K', '1993-01-01', 'Female', '6654321980', 'kavitha.k@gmail.com', '56 Riverside, Coimbatore'),
('PID049', 'Raghav K', '1986-02-02', 'Male', '8543219876', 'raghav.k@gmail.com', '12 Hilltop, Tirunelveli'),
('PID050', 'Anitha K', '1989-03-03', 'Female', '9432108765', 'anitha.k@gmail.com', '45 Coastal Road, Kanyakumari'),
('PID051', 'Vasudevan Nair', '1980-01-15', 'Male', '9876543211', 'vasudevannair@gmail.com', '34 Lotus Lane, Chennai'),
('PID052', 'Sowmya Iyer', '1992-02-20', 'Female', '8765432191', 'sowmya.i@gmail.com', '45 Jasmine Street, Madurai'),
('PID053', 'Kumarasamy', '1985-03-25', 'Male', '7654321891', 'kumarasamy@gmail.com', '78 Coconut Grove, Coimbatore'),
('PID054', 'Anushka Reddy', '1991-04-30', 'Female', '6543219871', 'anushka.r@gmail.com', '12 Mango Avenue, Ooty'),
('PID055', 'Raghavendra', '1983-05-05', 'Male', '9432108766', 'raghavendra@gmail.com', '56 Riverbank, Trichy'),
('PID056', 'Lakshmi Narasimhan', '1988-06-10', 'Female', '8321097655', 'lakshmi.n@gmail.com', '23 Greenfield, Tirunelveli'),
('PID057', 'Srinivas K', '1979-07-15', 'Male', '7210986544', 'srinivas.k@gmail.com', '89 Hilltop, Kanyakumari'),
('PID058', 'Priyanka Menon', '1994-08-20', 'Female', '6109875433', 'priyanka.m@gmail.com', '34 Ocean Drive, Mahabalipuram'),
('PID059', 'Ajith Kumar', '1986-09-25', 'Male', '8987654322', 'ajith.k@gmail.com', '45 Sunset Boulevard, Thanjavur'),
('PID060', 'Nandhini R', '1990-10-30', 'Female', '7876543211', 'nandhini.r@gmail.com', '78 Park Avenue, Salem'),
('PID061', 'Karthik S', '1982-11-05', 'Male', '9765432191', 'karthik.s@gmail.com', '12 College Road, Erode'),
('PID062', 'Deepa Rani', '1987-12-10', 'Female', '7654321981', 'deepa.r@gmail.com', '45 Riverside, Cuddalore'),
('PID063', 'Vikram Singh', '1993-01-15', 'Male', '9543219871', 'vikram.s@gmail.com', '34 Main Street, Tirupur'),
('PID064', 'Anjali Devi', '1984-02-20', 'Female', '9432108766', 'anjalidevi@gmail.com', '56 Hill View, Kodaikanal'),
('PID065', 'Rajesh Kumar', '1991-03-25', 'Male', '8321097655', 'rajesh.k@gmail.com', '23 Lotus Lane, Chennai'),
('PID066', 'Sangeetha R', '1985-04-30', 'Female', '7210986544', 'sangeetha.r@gmail.com', '45 Jasmine Street, Madurai'),
('PID067', 'Mohan Raj', '1992-05-05', 'Male', '6109875433', 'mohan.raj@gmail.com', '78 Coconut Grove, Coimbatore'),
('PID068', 'Lakshmi Iyer', '1988-06-10', 'Female', '6987654322', 'lakshmi.i@gmail.com', '12 Mango Avenue, Ooty'),
('PID069', 'Srinivasan Reddy', '1979-07-15', 'Male', '8876543211', 'srinivasan.r@gmail.com', '56 Riverbank, Trichy'),
('PID070', 'Anushka Sharma', '1994-08-20', 'Female', '7765432191', 'anushka.s@gmail.com', '34 Greenfield, Tirunelveli'),
('PID071', 'Kumaravel N', '1983-09-25', 'Male', '9654321981', 'kumaravel.n@gmail.com', '89 Hilltop, Kanyakumari'),
('PID072', 'Priya R', '1990-10-30', 'Female', '7543219871', 'priya.r@gmail.com', '45 Ocean Drive, Mahabalipuram'),
('PID073', 'Ajay Reddy', '1986-11-05', 'Male', '9432108766', 'ajayreddy@gmail.com', '12 Sunset Boulevard, Thanjavur'),
('PID074', 'Nandhini S', '1991-12-10', 'Female', '8321097655', 'nandhini.s@gmail.com', '34 Park Avenue, Salem'),
('PID075', 'Karthik Nair', '1982-01-15', 'Male', '7210986544', 'karthik.n@gmail.com', '56 Riverside, Cuddalore'),
('PID076', 'Deepika Sharma', '1987-02-20', 'Female', '6109875433', 'deepika.s@gmail.com', '23 Main Street, Tirupur'),
('PID077', 'Vikram R', '1993-03-25', 'Male', '8987654322', 'vikram.r@gmail.com', '45 Hill View, Kodaikanal'),
('PID078', 'Anjali K', '1984-04-30', 'Female', '8876543211', 'anjali.k@gmail.com', '78 Lotus Lane, Chennai'),
('PID079', 'Rajesh Iyer', '1991-05-05', 'Male', '9765432191', 'rajesh.i@gmail.com', '12 Jasmine Street, Madurai'),
('PID080', 'Sangeetha N', '1985-06-10', 'Female', '7654321981', 'sangeetha.n@gmail.com', '34 Coconut Grove, Coimbatore'),
('PID081', 'Mohan Reddy', '1990-07-15', 'Male', '6543219871', 'mohan.r@gmail.com', '56 Mango Avenue, Ooty'),
('PID082', 'Lakshmi Devi', '1988-08-20', 'Female', '9432108766', 'lakshmi.d@gmail.com', '23 Riverbank, Trichy'),
('PID083', 'Srinivasan K', '1979-09-25', 'Male', '8321097655', 'srinivasan.k@gmail.com', '45 Greenfield, Tirunelveli'),
('PID084', 'Anushka R', '1994-10-30', 'Female', '7210986544', 'anushka.r@gmail.com', '78 Hilltop, Kanyakumari'),
('PID085', 'Kumarasamy N', '1983-11-05', 'Male', '6109875433', 'kumarasamy.n@gmail.com', '12 Ocean Drive, Mahabalipuram'),
('PID086', 'Priyanka K', '1991-12-10', 'Female', '7987654322', 'priyanka.k@gmail.com', '34 Sunset Boulevard, Thanjavur'),
('PID087', 'Ajith R', '1986-01-15', 'Male', '9876543211', 'ajith.r@gmail.com', '56 Park Avenue, Salem'),
('PID088', 'Nandhini R', '1990-02-20', 'Female', '7765432191', 'nandhini.r@gmail.com', '23 Riverside, Cuddalore'),
('PID089', 'Karthik S', '1985-03-25', 'Male', '6654321981', 'karthik.s@gmail.com', '45 Main Street, Tirupur'),
('PID090', 'Deepa Rani', '1987-04-30', 'Female', '9543219871', 'deepa.r@gmail.com', '78 Hill View, Kodaikanal'),
('PID091', 'Vikram Singh', '1993-05-05', 'Male', '9432108766', 'vikram.s@gmail.com', '12 Lotus Lane, Chennai'),
('PID092', 'Sowmya Iyer', '1992-06-10', 'Female', '8321097655', 'sowmya.i@gmail.com', '34 Jasmine Street, Madurai'),
('PID093', 'Kumarasamy', '1985-07-15', 'Male', '7210986544', 'kumarasamy@gmail.com', '56 Coconut Grove, Coimbatore'),
('PID094', 'Anushka Reddy', '1991-08-20', 'Female', '6109875433', 'anushka.r@gmail.com', '12 Mango Avenue, Ooty'),
('PID095', 'Raghavendra', '1983-09-25', 'Male', '7987654322', 'raghavendra@gmail.com', '45 Riverbank, Trichy'),
('PID096', 'Lakshmi Narasimhan', '1988-10-30', 'Female', '9876543211', 'lakshmi.n@gmail.com', '23 Greenfield, Tirunelveli'),
('PID097', 'Srinivas K', '1979-11-05', 'Male', '6765432191', 'srinivas.k@gmail.com', '34 Hilltop, Kanyakumari'),
('PID098', 'Priyanka Menon', '1994-12-10', 'Female', '7654321981', 'priyanka.m@gmail.com', '56 Ocean Drive, Mahabalipuram'),
('PID099', 'Ajith Kumar', '1986-01-15', 'Male', '9543219871', 'ajith.k@gmail.com', '12 Sunset Boulevard, Thanjavur'),
('PID100', 'Nandhini R', '1990-02-20', 'Female', '9432108766', 'nandhini.r@gmail.com', '34 Park Avenue, Salem');

SELECT * FROM PATIENTS;

-- pacemaker table
CREATE TABLE PACEMAKERS
(
PACEMAKER_ID VARCHAR(50) PRIMARY KEY,
MODEL VARCHAR(50) NOT NULL,
MANUFACTURER VARCHAR(50) NOT NULL,
IMPLANTATION_DATE DATE NOT NULL,
BATTERY_LIFE INT NOT NULL,  -- in months
PATIENT_ID VARCHAR(50),
FOREIGN KEY (PATIENT_ID) REFERENCES PATIENTS(PATIENT_ID)
);

INSERT INTO PACEMAKERS (PACEMAKER_ID, MODEL, MANUFACTURER, IMPLANTATION_DATE, BATTERY_LIFE, PATIENT_ID) VALUES
('PMID001', 'Azure XT DR', 'Medtronic', '2020-01-15', 120, 'PID001'),
('PMID002', 'Endurity DR', 'Abbott', '2020-02-20', 96, 'PID002'),
('PMID003', 'Ensura DR', 'Abbott', '2020-03-25', 84, 'PID003'),
('PMID004', 'Microny II SR', 'St. Jude', '2020-04-30', 72, 'PID004'),
('PMID005', 'Paradym VR', 'Sorin', '2020-05-15', 180, 'PID005'),
('PMID006', 'Progeny VR', 'Biotronik', '2020-06-20', 120, 'PID006'),
('PMID007', 'Rhapsody DR', 'LivaNova', '2020-07-25', 96, 'PID007'),
('PMID008', 'Schema DR', 'Boston Scientific', '2020-08-30', 108, 'PID008'),
('PMID009', 'Symphony DR', 'ELA Medical', '2020-09-15', 60, 'PID009'),
('PMID010', 'Tempo DR', 'Vitatron', '2020-10-20', 72, 'PID010'),
('PMID011', 'Victory DR', 'St. Jude', '2020-11-25', 120, 'PID011'),
('PMID012', 'Zephyr DR', 'Medtronic', '2020-12-30', 96, 'PID012'),
('PMID013', 'Accent DR', 'Medtronic', '2021-01-15', 84, 'PID013'),
('PMID014', 'Adapta DR', 'Medtronic', '2021-02-20', 180, 'PID014'),
('PMID015', 'Advisa DR', 'Medtronic', '2021-03-25', 120, 'PID015'),
('PMID016', 'Altrua VR', 'LivaNova', '2021-04-30', 96, 'PID016'),
('PMID017', 'Atlas DR', 'St. Jude', '2021-05-15', 72, 'PID017'),
('PMID018', 'Brava DR', 'Medtronic', '2021-06-20', 108, 'PID018'),
('PMID019', 'Cbron VR', 'LivaNova', '2021-07-25', 60, 'PID019'),
('PMID020', 'Cylos VR', 'Biotronik', '2021-08-30', 120, 'PID020'),
('PMID021', 'Discovery DR', 'ELA Medical', '2021-09-15', 96, 'PID021'),
('PMID022', 'Ela Talent DR', 'Sorin', '2021-10-20', 84, 'PID022'),
('PMID023', 'Ensura MRI DR', 'Abbott', '2021-11-25', 180, 'PID023'),
('PMID024', 'Entovis DR', 'Biotronik', '2021-12-30', 72, 'PID024'),
('PMID025', 'Evera MRI DR', 'Medtronic', '2022-01-15', 120, 'PID025'),
('PMID026', 'Formio VR', 'Boston Scientific', '2022-02-20', 96, 'PID026'),
('PMID027', 'Genesis DR', 'St. Jude', '2022-03-25', 84, 'PID027'),
('PMID028', 'Identity DR', 'Abbott', '2022-04-30', 180, 'PID028'),
('PMID029', 'Ilesto DR', 'Biotronik', '2022-05-15', 120, 'PID029'),
('PMID030', 'Kora VR', 'Medtronic', '2022-06-20', 96, 'PID030'),
('PMID031', 'Lumax VR', 'Biotronik', '2022-07-25', 72, 'PID031'),
('PMID032', 'Macto DR', 'St. Jude', '2022-08-30', 108, 'PID032'),
('PMID033', 'Mica VR', 'Abbott', '2022-09-15', 60, 'PID033'),
('PMID034', 'Natura VR', 'Biotronik', '2022-10-20', 120, 'PID034'),
('PMID035', 'Olympus VR', 'Medtronic', '2022-11-25', 96, 'PID035'),
('PMID036', 'Perpos DR', 'Abbott', '2022-12-30', 84, 'PID036'),
('PMID037', 'Philos DR', 'Biotronik', '2023-01-15', 180, 'PID037'),
('PMID038', 'Primo VR', 'St. Jude', '2023-02-20', 120, 'PID038'),
('PMID039', 'Regency DR', 'Medtronic', '2023-03-25', 96, 'PID039'),
('PMID040', 'Reply DR', 'Sorin', '2023-04-30', 84, 'PID040'),
('PMID041', 'Safio DR', 'Biotronik', '2023-05-15', 108, 'PID041'),
('PMID042', 'Selene VR', 'Abbott', '2023-06-20', 60, 'PID042'),
('PMID043', 'Serena DR', 'Medtronic', '2023-07-25', 120, 'PID043'),
('PMID044', 'Solus VR', 'St. Jude', '2023-08-30', 96, 'PID044'),
('PMID045', 'Symbia DR', 'Abbott', '2023-09-15', 84, 'PID045'),
('PMID046', 'Talia DR', 'Biotronik', '2023-10-20', 180, 'PID046'),
('PMID047', 'Tempo MRI VR', 'Vitatron', '2023-11-25', 120, 'PID047'),
('PMID048', 'Timax DR', 'ELA Medical', '2023-12-30', 96, 'PID048'),
('PMID049', 'Vitatron CRT-D', 'Vitatron', '2024-01-15', 84, 'PID049'),
('PMID050', 'Zenium VR', 'Biotronik', '2024-02-20', 60, 'PID050'),
('PMID051', 'Viva CRT-P', 'Medtronic', '2020-03-12', 132, 'PID051'),
('PMID052', 'Enturia MRI DR', 'Abbott', '2020-06-18', 96, 'PID052'),
('PMID053', 'Eluna VR', 'Biotronik', '2020-09-22', 180, 'PID053'),
('PMID054', 'Concerto CRT-D', 'Medtronic', '2021-01-05', 120, 'PID054'),
('PMID055', 'Allure Quadra', 'Boston Scientific', '2021-04-15', 84, 'PID055'),
('PMID056', 'Esprit VR', 'LivaNova', '2021-07-28', 108, 'PID056'),
('PMID057', 'Navia SR', 'St. Jude', '2021-10-11', 60, 'PID057'),
('PMID058', 'Paragon MRI DR', 'Abbott', '2022-02-14', 144, 'PID058'),
('PMID059', 'Solara VR', 'Biotronik', '2022-05-19', 96, 'PID059'),
('PMID060', 'Verity SR', 'Medtronic', '2022-08-24', 132, 'PID060'),
('PMID061', 'Aurespace DR', 'Sorin', '2023-01-07', 84, 'PID061'),
('PMID062', 'Resonance VR', 'Biotronik', '2023-04-12', 180, 'PID062'),
('PMID063', 'Tender DR', 'ELA Medical', '2023-07-17', 120, 'PID063'),
('PMID064', 'Vigilant VR', 'St. Jude', '2023-10-20', 60, 'PID064'),
('PMID065', 'Zenora DR', 'Biotronik', '2024-02-25', 108, 'PID065'),
('PMID066', 'Reliance DR', 'Boston Scientific', '2020-05-08', 144, 'PID066'),
('PMID067', 'Sereno SR', 'Medtronic', '2020-08-13', 96, 'PID067'),
('PMID068', 'Elite CRT-P', 'Abbott', '2020-11-16', 132, 'PID068'),
('PMID069', 'Micra AV', 'Medtronic', '2021-02-21', 84, 'PID069'),
('PMID070', 'Aurora VR', 'Biotronik', '2021-05-27', 180, 'PID070'),
('PMID071', 'Virtuoso DR', 'St. Jude', '2021-09-02', 120, 'PID071'),
('PMID072', 'Encore DR', 'Abbott', '2021-12-07', 60, 'PID072'),
('PMID073', 'Precision VR', 'Biotronik', '2022-03-13', 108, 'PID073'),
('PMID074', 'Resolute DR', 'Medtronic', '2022-06-17', 144, 'PID074'),
('PMID075', 'Elegance VR', 'LivaNova', '2022-09-21', 96, 'PID075'),
('PMID076', 'Infinity DR', 'Abbott', '2023-01-24', 132, 'PID076'),
('PMID077', 'Azure MRI VR', 'Medtronic', '2023-04-30', 84, 'PID077'),
('PMID078', 'Nirvana DR', 'Biotronik', '2023-08-04', 180, 'PID078'),
('PMID079', 'Synergy DR', 'St. Jude', '2023-11-09', 120, 'PID079'),
('PMID080', 'Advanta DR', 'Boston Scientific', '2024-02-13', 60, 'PID080'),
('PMID081', 'Enduro VR', 'Biotronik', '2020-04-17', 108, 'PID081'),
('PMID082', 'Finesse DR', 'Medtronic', '2020-07-22', 144, 'PID082'),
('PMID083', 'Genesis MRI VR', 'St. Jude', '2020-10-27', 96, 'PID083'),
('PMID084', 'Horizon DR', 'Abbott', '2021-01-31', 132, 'PID084'),
('PMID085', 'Incepta VR', 'Biotronik', '2021-05-06', 84, 'PID085'),
('PMID086', 'Jouvence DR', 'ELA Medical', '2021-08-11', 180, 'PID086'),
('PMID087', 'Kinetra DR', 'Medtronic', '2021-11-15', 120, 'PID087'),
('PMID088', 'Luminos VR', 'Biotronik', '2022-02-19', 60, 'PID088'),
('PMID089', 'Meridian DR', 'Abbott', '2022-05-26', 108, 'PID089'),
('PMID090', 'Navigo VR', 'St. Jude', '2022-08-31', 144, 'PID090'),
('PMID091', 'Oceania DR', 'Biotronik', '2022-12-05', 96, 'PID091'),
('PMID092', 'Pinnacle VR', 'Medtronic', '2023-03-11', 132, 'PID092'),
('PMID093', 'Quantum DR', 'Abbott', '2023-06-15', 84, 'PID093'),
('PMID094', 'Radiance VR', 'Biotronik', '2023-09-19', 180, 'PID094'),
('PMID095', 'Spectra DR', 'St. Jude', '2023-12-24', 120, 'PID095'),
('PMID096', 'Tranquility VR', 'Biotronik', '2024-03-29', 60, 'PID096'),
('PMID097', 'Ultima DR', 'Abbott', '2020-09-02', 108, 'PID097'),
('PMID098', 'Voyager VR', 'Biotronik', '2020-12-07', 144, 'PID098'),
('PMID099', 'Whisper DR', 'St. Jude', '2021-03-13', 96, 'PID099'),
('PMID100', 'Xenia VR', 'Biotronik', '2021-06-17', 132, 'PID100');

SELECT * FROM PACEMAKERS;

-- monitoring table 
CREATE TABLE MONITORING
(
MONITORING_ID VARCHAR(50) PRIMARY KEY,
PACEMAKER_ID VARCHAR(50),
MONITORING_DATE DATETIME NOT NULL,
HEART_RATE INT NOT NULL,
BATTERY_STATUS ENUM('Good', 'Low', 'Critical') NOT NULL,
RHYTHM_STATUS ENUM('Normal', 'Abnormal') NOT NULL,
FOREIGN KEY (PACEMAKER_ID) REFERENCES PACEMAKERS(PACEMAKER_ID)
);

INSERT INTO MONITORING (MONITORING_ID, PACEMAKER_ID, MONITORING_DATE, HEART_RATE, BATTERY_STATUS, RHYTHM_STATUS) VALUES
('MID001', 'PMID001', '2025-05-15 08:00:00', 75, 'Good', 'Normal'),
('MID002', 'PMID002', '2025-02-03 09:30:00', 80, 'Good', 'Normal'),
('MID003', 'PMID003', '2025-04-22 10:15:00', 72, 'Low', 'Normal'),
('MID004', 'PMID004', '2025-01-10 11:00:00', 78, 'Good', 'Abnormal'),
('MID005', 'PMID005', '2025-06-05 12:45:00', 70, 'Critical', 'Normal'),
('MID006', 'PMID006', '2025-03-28 08:30:00', 85, 'Good', 'Normal'),
('MID007', 'PMID007', '2025-05-14 09:00:00', 90, 'Low', 'Abnormal'),
('MID008', 'PMID008', '2025-01-20 10:00:00', 76, 'Good', 'Normal'),
('MID009', 'PMID009', '2025-06-10 11:30:00', 82, 'Good', 'Normal'),
('MID010', 'PMID010', '2025-03-15 12:00:00', 88, 'Low', 'Abnormal'),
('MID011', 'PMID011', '2025-04-18 08:15:00', 74, 'Good', 'Normal'),
('MID012', 'PMID012', '2025-02-25 09:45:00', 79, 'Good', 'Normal'),
('MID013', 'PMID013', '2025-06-30 10:30:00', 71, 'Critical', 'Abnormal'),
('MID014', 'PMID014', '2025-03-05 11:15:00', 77, 'Good', 'Normal'),
('MID015', 'PMID015', '2025-05-22 12:30:00', 83, 'Low', 'Normal'),
('MID016', 'PMID016', '2025-01-18 08:45:00', 89, 'Good', 'Abnormal'),
('MID017', 'PMID017', '2025-04-08 09:15:00', 73, 'Good', 'Normal'),
('MID018', 'PMID018', '2025-06-12 10:00:00', 81, 'Low', 'Normal'),
('MID019', 'PMID019', '2025-02-19 11:45:00', 75, 'Good', 'Abnormal'),
('MID020', 'PMID020', '2025-05-30 12:00:00', 78, 'Good', 'Normal'),
('MID021', 'PMID021', '2025-03-01 08:30:00', 84, 'Low', 'Normal'),
('MID022', 'PMID022', '2025-06-05 09:00:00', 76, 'Good', 'Abnormal'),
('MID023', 'PMID023', '2025-04-30 10:15:00', 72, 'Good', 'Normal'),
('MID024', 'PMID024', '2025-01-25 11:00:00', 80, 'Critical', 'Normal'),
('MID025', 'PMID025', '2025-05-10 12:45:00', 88, 'Good', 'Normal'),
('MID026', 'PMID026', '2025-02-12 08:00:00', 90, 'Low', 'Abnormal'),
('MID027', 'PMID027', '2025-03-20 09:30:00', 74, 'Good', 'Normal'),
('MID028', 'PMID028', '2025-06-15 10:00:00', 82, 'Good', 'Normal'),
('MID029', 'PMID029', '2025-04-15 11:30:00', 78, 'Low', 'Abnormal'),
('MID030', 'PMID030', '2025-01-12 12:00:00', 76, 'Good', 'Normal'),
('MID031', 'PMID031', '2025-05-01 08:15:00', 85, 'Good', 'Normal'),
('MID032', 'PMID032', '2025-02-28 09:45:00', 90, 'Low', 'Abnormal'),
('MID033', 'PMID033', '2025-03-10 10:30:00', 73, 'Good', 'Normal'),
('MID034', 'PMID034', '2025-06-20 11:15:00', 81, 'Good', 'Normal'),
('MID035', 'PMID035', '2025-04-12 12:30:00', 75, 'Critical', 'Abnormal'),
('MID036', 'PMID036', '2025-01-22 08:45:00', 78, 'Good', 'Normal'),
('MID037', 'PMID037', '2025-02-26 09:15:00', 84, 'Low', 'Normal'),
('MID038', 'PMID038', '2025-03-15 10:00:00', 76, 'Good', 'Abnormal'),
('MID039', 'PMID039', '2025-06-09 11:45:00', 72, 'Good', 'Normal'),
('MID040', 'PMID040', '2025-05-20 12:00:00', 80, 'Critical', 'Normal'),
('MID041', 'PMID041', '2025-01-05 08:30:00', 88, 'Good', 'Normal'),
('MID042', 'PMID042', '2025-02-15 09:00:00', 90, 'Low', 'Abnormal'),
('MID043', 'PMID043', '2025-03-28 10:30:00', 74, 'Good', 'Normal'),
('MID044', 'PMID044', '2025-04-22 11:15:00', 82, 'Good', 'Normal'),
('MID045', 'PMID045', '2025-06-11 12:30:00', 78, 'Low', 'Abnormal'),
('MID046', 'PMID046', '2025-01-19 08:00:00', 76, 'Good', 'Normal'),
('MID047', 'PMID047', '2025-02-26 09:30:00', 85, 'Good', 'Normal'),
('MID048', 'PMID048', '2025-03-15 10:15:00', 90, 'Low', 'Abnormal'),
('MID049', 'PMID049', '2025-04-09 11:00:00', 73, 'Good', 'Normal'),
('MID050', 'PMID050', '2025-06-29 12:45:00', 81, 'Good', 'Normal'),
('MID051', 'PMID051', '2025-05-05 14:37:00', 68, 'Low', 'Abnormal'),
('MID052', 'PMID052', '2025-01-22 09:45:00', 82, 'Good', 'Normal'),
('MID053', 'PMID053', '2025-04-03 16:12:00', 90, 'Critical', 'Normal'),
('MID054', 'PMID054', '2025-06-14 11:56:00', 74, 'Good', 'Normal'),
('MID055', 'PMID055', '2025-03-28 18:30:00', 85, 'Low', 'Abnormal'),
('MID056', 'PMID056', '2025-05-09 07:45:00', 79, 'Good', 'Normal'),
('MID057', 'PMID057', '2025-02-01 13:20:00', 63, 'Good', 'Abnormal'),
('MID058', 'PMID058', '2025-06-18 22:15:00', 91, 'Critical', 'Normal'),
('MID059', 'PMID059', '2025-01-11 10:40:00', 77, 'Good', 'Normal'),
('MID060', 'PMID060', '2025-04-25 15:50:00', 84, 'Low', 'Abnormal'),
('MID061', 'PMID061', '2025-02-05 08:05:00', 72, 'Good', 'Normal'),
('MID062', 'PMID062', '2025-03-30 19:22:00', 93, 'Good', 'Normal'),
('MID063', 'PMID063', '2025-01-19 12:45:00', 66, 'Low', 'Abnormal'),
('MID064', 'PMID064', '2025-04-12 06:30:00', 81, 'Good', 'Normal'),
('MID065', 'PMID065', '2025-06-27 17:15:00', 88, 'Good', 'Normal'),
('MID066', 'PMID066', '2025-03-08 09:25:00', 59, 'Critical', 'Abnormal'),
('MID067', 'PMID067', '2025-01-24 20:40:00', 76, 'Good', 'Normal'),
('MID068', 'PMID068', '2025-05-17 14:50:00', 83, 'Low', 'Normal'),
('MID069', 'PMID069', '2025-02-09 07:15:00', 94, 'Good', 'Abnormal'),
('MID070', 'PMID070', '2025-03-22 23:05:00', 71, 'Good', 'Normal'),
('MID071', 'PMID071', '2025-01-04 16:20:00', 87, 'Low', 'Abnormal'),
('MID072', 'PMID072', '2025-06-28 10:35:00', 78, 'Good', 'Normal'),
('MID073', 'PMID073', '2025-02-16 13:45:00', 69, 'Critical', 'Normal'),
('MID074', 'PMID074', '2025-04-11 08:55:00', 82, 'Good', 'Normal'),
('MID075', 'PMID075', '2025-01-30 19:30:00', 85, 'Low', 'Abnormal'),
('MID076', 'PMID076', '2025-05-05 12:10:00', 73, 'Good', 'Normal'),
('MID077', 'PMID077', '2025-02-21 15:40:00', 90, 'Good', 'Normal'),
('MID078', 'PMID078', '2025-03-17 06:50:00', 67, 'Low', 'Abnormal'),
('MID079', 'PMID079', '2025-01-08 21:15:00', 79, 'Good', 'Normal'),
('MID080', 'PMID080', '2025-04-14 09:25:00', 84, 'Critical', 'Normal'),
('MID081', 'PMID081', '2025-02-02 14:35:00', 62, 'Good', 'Abnormal'),
('MID082', 'PMID082', '2025-03-29 17:45:00', 86, 'Low', 'Normal'),
('MID083', 'PMID083', '2025-01-17 10:55:00', 75, 'Good', 'Normal'),
('MID084', 'PMID084', '2025-06-21 22:05:00', 89, 'Good', 'Abnormal'),
('MID085', 'PMID085', '2025-02-26 13:15:00', 71, 'Good', 'Normal'),
('MID086', 'PMID086', '2025-03-06 08:25:00', 83, 'Low', 'Normal'),
('MID087', 'PMID087', '2025-01-22 19:35:00', 92, 'Critical', 'Abnormal'),
('MID088', 'PMID088', '2025-04-19 11:45:00', 70, 'Good', 'Normal'),
('MID089', 'PMID089', '2025-02-11 16:55:00', 81, 'Good', 'Normal'),
('MID090', 'PMID090', '2025-03-24 07:05:00', 94, 'Low', 'Abnormal'),
('MID091', 'PMID091', '2025-01-05 20:15:00', 76, 'Good', 'Normal'),
('MID092', 'PMID092', '2025-06-27 12:25:00', 65, 'Good', 'Normal'),
('MID093', 'PMID093', '2025-02-19 15:35:00', 88, 'Critical', 'Abnormal'),
('MID094', 'PMID094', '2025-03-12 09:45:00', 77, 'Good', 'Normal'),
('MID095', 'PMID095', '2025-01-26 18:55:00', 82, 'Low', 'Normal'),
('MID096', 'PMID096', '2025-05-08 21:05:00', 90, 'Good', 'Normal'),
('MID097', 'PMID097', '2025-02-20 10:15:00', 73, 'Good', 'Normal'),
('MID098', 'PMID098', '2025-03-15 11:30:00', 88, 'Low', 'Abnormal'),
('MID099', 'PMID099', '2025-01-10 12:45:00', 76, 'Good', 'Normal'),
('MID100', 'PMID100', '2025-04-30 14:00:00', 85, 'Critical', 'Normal');

SELECT * FROM MONITORING;

-- appointments of patient table 
CREATE TABLE APPOINTMENTS 
(
APPOINTMENT_ID VARCHAR(50) PRIMARY KEY,
PATIENT_ID VARCHAR(50),
APPOINTMENT_DATE DATETIME NOT NULL,
DOCTOR_NAME VARCHAR(100) NOT NULL,
NOTES TEXT,
STATUS ENUM('Scheduled', 'Completed', 'Cancelled') NOT NULL,
FOREIGN KEY (PATIENT_ID) REFERENCES PATIENTS(PATIENT_ID)
);

INSERT INTO APPOINTMENTS (APPOINTMENT_ID, PATIENT_ID, APPOINTMENT_DATE, DOCTOR_NAME, NOTES, STATUS) VALUES
('AID001', 'PID001', '2026-03-15 09:30:00', 'Dr. Aditi Sharma', 'Pacemaker threshold testing and adjustment', 'Scheduled'),
('AID002', 'PID002', '2026-05-22. 11:45:00', 'Dr. Vikram Joshi', 'Pacemaker battery longevity assessment', 'Completed'),
('AID003', 'PID003', '2026-02-08 14:15:00', 'Dr. Deepika Nair', 'Lead impedance check and optimization', 'Scheduled'),
('AID004', 'PID004', '2026-04-17 10:00:00', 'Dr. Rohan Mehta', 'Post-implantation follow-up evaluation', 'Scheduled'),
('AID005', 'PID005', '2026-06-05 13:30:00', 'Dr. Kavita Iyer', 'Atrial lead performance analysis', 'Cancelled'),
('AID006', 'PID006', '2026-01-12 08:45:00', 'Dr. Sanjay Verma', 'Ventricular capture threshold test', 'Completed'),
('AID007', 'PID007', '2026-03-28 15:20:00', 'Dr. Anil Choudhary', 'Pacemaker-mediated tachycardia review', 'Scheduled'),
('AID008', 'PID008', '2026-05-19 09:15:00', 'Dr. Priya Reddy', 'Electromagnetic interference assessment', 'Scheduled'),
('AID009', 'PID009', '2026-02-25 11:30:00', 'Dr. Rajesh Gupta', 'Rate response optimization', 'Completed'),
('AID010', 'PID010', '2026-04-14 16:45:00', 'Dr. Neha Kapoor', 'Pacemaker pocket examination', 'Scheduled'),
('AID011', 'PID011', '2026-01-07 10:30:00', 'Dr. Vikram Joshi', 'Lead integrity verification', 'Cancelled'),
('AID012', 'PID012', '2026-06-22 14:00:00', 'Dr. Aditi Sharma', 'Battery replacement consultation', 'Scheduled'),
('AID013', 'PID013', '2026-03-05 08:15:00', 'Dr. Deepika Nair', 'Atrial fibrillation detection review', 'Scheduled'),
('AID014', 'PID014', '2026-05-29 12:45:00', 'Dr. Rohan Mehta', 'Ventricular safety pacing check', 'Completed'),
('AID015', 'PID015', '2026-02-16 09:30:00', 'Dr. Kavita Iyer', 'Mode switch evaluation', 'Scheduled'),
('AID016', 'PID016', '2026-04-11 15:15:00', 'Dr. Sanjay Verma', 'Lead dislodgement assessment', 'Scheduled'),
('AID017', 'PID017', '2026-01-29 11:00:00', 'Dr. Anil Choudhary', 'Pacemaker oversensing investigation', 'Cancelled'),
('AID018', 'PID018', '2026-03-18 13:45:00', 'Dr. Priya Reddy', 'Atrial sensitivity adjustment', 'Completed'),
('AID019', 'PID019', '2026-06-09 10:15:00', 'Dr. Rajesh Gupta', 'Ventricular refractory period optimization', 'Scheduled'),
('AID020', 'PID020', '2026-02-27 14:30:00', 'Dr. Neha Kapoor', 'Lead maturation assessment', 'Scheduled'),
('AID021', 'PID021', '2026-05-04 08:45:00', 'Dr. Aditi Sharma', 'Battery voltage measurement', 'Completed'),
('AID022', 'PID022', '2026-04-01 16:00:00', 'Dr. Vikram Joshi', 'Atrial tachycardia response test', 'Scheduled'),
('AID023', 'PID023', '2026-01-18 09:15:00', 'Dr. Deepika Nair', 'Pacemaker-mediated event review', 'Scheduled'),
('AID024', 'PID024', '2026-03-22 12:30:00', 'Dr. Rohan Mehta', 'Ventricular output programming', 'Cancelled'),
('AID025', 'PID025', '2026-06-16 14:45:00', 'Dr. Kavita Iyer', 'Lead impedance trend analysis', 'Completed'),
('AID026', 'PID026', '2026-01-05 10:30:00', 'Dr. Sanjay Verma', 'Atrial capture threshold evaluation', 'Scheduled'),
('AID027', 'PID027', '2026-05-08 13:15:00', 'Dr. Anil Choudhary', 'Pacemaker sleep function check', 'Scheduled'),
('AID028', 'PID028', '2026-02-19 08:00:00', 'Dr. Priya Reddy', 'Elective replacement indicator confirmation', 'Completed'),
('AID029', 'PID029', '2026-04-26 15:30:00', 'Dr. Rajesh Gupta', 'Ventricular lead performance review', 'Scheduled'),
('AID030', 'PID030', '2026-03-31 11:45:00', 'Dr. Neha Kapoor', 'Pacemaker connector block inspection', 'Scheduled'),
('AID031', 'PID031', '2026-06-28 09:00:00', 'Dr. Aditi Sharma', 'Atrial flutter detection assessment', 'Cancelled'),
('AID032', 'PID032', '2026-01-11 14:15:00', 'Dr. Vikram Joshi', 'Ventricular tachycardia therapy review', 'Completed'),
('AID033', 'PID033', '2026-05-14 10:45:00', 'Dr. Deepika Nair', 'Pacemaker magnet response test', 'Scheduled'),
('AID034', 'PID034', '2026-02-23 16:30:00', 'Dr. Rohan Mehta', 'Lead fracture evaluation', 'Scheduled'),
('AID035', 'PID035', '2026-04-20 08:15:00', 'Dr. Kavita Iyer', 'Atrial tachycardia response optimization', 'Completed'),
('AID036', 'PID036', '2026-01-25 12:00:00', 'Dr. Sanjay Verma', 'Ventricular safety pacing threshold', 'Scheduled'),
('AID037', 'PID037', '2026-03-09 15:45:00', 'Dr. Anil Choudhary', 'Pacemaker rate drop response evaluation', 'Scheduled'),
('AID038', 'PID038', '2026-06-21 09:30:00', 'Dr. Priya Reddy', 'Atrial lead dislodgement check', 'Cancelled'),
('AID039', 'PID039', '2026-02-14 13:00:00', 'Dr. Rajesh Gupta', 'Ventricular refractory period analysis', 'Completed'),
('AID040', 'PID040', '2026-05-25 10:15:00', 'Dr. Neha Kapoor', 'Pacemaker atrial capture management', 'Scheduled'),
('AID041', 'PID041', '2026-04-08 14:45:00', 'Dr. Aditi Sharma', 'Lead insulation integrity verification', 'Scheduled'),
('AID042', 'PID042', '2026-01-22 08:30:00', 'Dr. Vikram Joshi', 'Pacemaker mode switch episode review', 'Completed'),
('AID043', 'PID043', '2026-03-27 11:15:00', 'Dr. Deepika Nair', 'Atrial lead performance trend analysis', 'Scheduled'),
('AID044', 'PID044', '2026-06-12 16:00:00', 'Dr. Rohan Mehta', 'Ventricular output threshold test', 'Scheduled'),
('AID045', 'PID045', '2026-02-11 09:45:00', 'Dr. Kavita Iyer', 'Pacemaker battery consumption calculation', 'Cancelled'),
('AID046', 'PID046', '2026-05-30 12:30:00', 'Dr. Sanjay Verma', 'Atrial fibrillation burden assessment', 'Completed'),
('AID047', 'PID047', '2026-01-16 15:15:00', 'Dr. Anil Choudhary', 'Ventricular lead maturation check', 'Scheduled'),
('AID048', 'PID048', '2026-04-03 08:00:00', 'Dr. Priya Reddy', 'Pacemaker lead impedance optimization', 'Scheduled'),
('AID049', 'PID049', '2026-03-20 14:00:00', 'Dr. Rajesh Gupta', 'Atrial sensitivity threshold verification', 'Completed'),
('AID050', 'PID050', '2026-06-19 10:45:00', 'Dr. Neha Kapoor', 'Ventricular tachycardia detection setup', 'Scheduled'),
('AID051', 'PID051', '2026-01-10 09:00:00', 'Dr. Rohan Mehta', 'Pacemaker threshold testing and adjustment', 'Scheduled'),
('AID052', 'PID052', '2026-02-15 11:30:00', 'Dr. Kavita Iyer', 'Battery status assessment and lifespan projection', 'Completed'),
('AID053', 'PID053', '2026-03-20 14:00:00', 'Dr. Anil Choudhary', 'Lead integrity verification and impedance check', 'Scheduled'),
('AID054', 'PID054', '2026-04-25 10:15:00', 'Dr. Priya Reddy', 'Post-implantation follow-up with EKG analysis', 'Cancelled'),
('AID055', 'PID055', '2026-05-30 13:45:00', 'Dr. Sanjay Verma', 'Atrial capture threshold adjustment', 'Completed'),
('AID056', 'PID056', '2026-06-12 08:30:00', 'Dr. Deepika Nair', 'Ventricular safety pacing check', 'Scheduled'),
('AID057', 'PID057', '2026-01-22 15:20:00', 'Dr. Aditi Sharma', 'Rate-responsive pacing evaluation', 'Scheduled'),
('AID058', 'PID058', '2026-02-28 09:45:00', 'Dr. Rajesh Gupta', 'Pacemaker-mediated tachycardia analysis', 'Completed'),
('AID059', 'PID059', '2026-03-10 11:00:00', 'Dr. Neha Kapoor', 'Lead insulation integrity assessment', 'Scheduled'),
('AID060', 'PID060', '2026-04-05 14:30:00', 'Dr. Vikram Joshi', 'Mode switch algorithm review', 'Cancelled'),
('AID061', 'PID061', '2026-05-15 10:00:00', 'Dr. Rohan Mehta', 'Battery voltage measurement and trending', 'Scheduled'),
('AID062', 'PID062', '2026-06-20 12:15:00', 'Dr. Kavita Iyer', 'Atrial lead performance evaluation', 'Completed'),
('AID063', 'PID063', '2026-01-18 13:30:00', 'Dr. Anil Choudhary', 'Electromagnetic interference evaluation', 'Scheduled'),
('AID064', 'PID064', '2026-02-22 09:00:00', 'Dr. Deepika Nair', 'Pacemaker pocket examination and assessment', 'Cancelled'),
('AID065', 'PID065', '2026-03-30 15:45:00', 'Dr. Aditi Sharma', 'Ventricular refractory period programming', 'Scheduled'),
('AID066', 'PID066', '2026-04-18 11:15:00', 'Dr. Priya Reddy', 'Pacemaker-mediated event review', 'Completed'),
('AID067', 'PID067', '2026-05-26 14:00:00', 'Dr. Sanjay Verma', 'Lead dislodgement assessment', 'Scheduled'),
('AID068', 'PID068', '2026-06-14 10:30:00', 'Dr. Rajesh Gupta', 'Atrial sensitivity adjustment', 'Cancelled'),
('AID069', 'PID069', '2026-01-11 08:45:00', 'Dr. Neha Kapoor', 'Ventricular lead performance review', 'Scheduled'),
('AID070', 'PID070', '2026-02-16 13:00:00', 'Dr. Vikram Joshi', 'Pacemaker connector block inspection', 'Completed'),
('AID071', 'PID071', '2026-03-25 09:15:00', 'Dr. Rohan Mehta', 'Atrial flutter detection assessment', 'Scheduled'),
('AID072', 'PID072', '2026-04-12 16:45:00', 'Dr. Aditi Sharma', 'Ventricular tachycardia detection review', 'Cancelled'),
('AID073', 'PID073', '2026-05-19 10:00:00', 'Dr. Deepika Nair', 'Pacemaker sleep function check', 'Scheduled'),
('AID074', 'PID074', '2026-06-30 14:30:00', 'Dr. Sanjay Verma', 'Lead impedance trend analysis', 'Completed'),
('AID075', 'PID075', '2026-01-29 11:00:00', 'Dr. Priya Reddy', 'Atrial capture threshold evaluation', 'Scheduled'),
('AID076', 'PID076', '2026-02-20 15:15:00', 'Dr. Anil Choudhary', 'Pacemaker battery consumption calculation', 'Cancelled'),
('AID077', 'PID077', '2026-03-17 08:30:00', 'Dr. Kavita Iyer', 'Ventricular safety pacing threshold', 'Scheduled'),
('AID078', 'PID078', '2026-04-21 12:00:00', 'Dr. Rajesh Gupta', 'Pacemaker rate drop response evaluation', 'Completed'),
('AID079', 'PID079', '2026-05-11 09:45:00', 'Dr. Neha Kapoor', 'Atrial lead dislodgement check', 'Scheduled'),
('AID080', 'PID080', '2026-06-07 14:15:00', 'Dr. Vikram Joshi', 'Ventricular refractory period analysis', 'Cancelled'),
('AID081', 'PID081', '2026-01-15 10:30:00', 'Dr. Rohan Mehta', 'Pacemaker atrial capture management', 'Scheduled'),
('AID082', 'PID082', '2026-02-14 13:45:00', 'Dr. Aditi Sharma', 'Lead insulation integrity verification', 'Completed'),
('AID083', 'PID083', '2026-03-12 11:30:00', 'Dr. Deepika Nair', 'Atrial tachycardia response optimization', 'Scheduled'),
('AID084', 'PID084', '2026-04-09 08:00:00', 'Dr. Sanjay Verma', 'Pacemaker mode switch episode review', 'Cancelled'),
('AID085', 'PID085', '2026-05-24 15:00:00', 'Dr. Priya Reddy', 'Atrial fibrillation burden assessment', 'Scheduled'),
('AID086', 'PID086', '2026-06-18 10:15:00', 'Dr. Kavita Iyer', 'Ventricular lead maturation check', 'Completed'),
('AID087', 'PID087', '2026-01-30 14:30:00', 'Dr. Anil Choudhary', 'Pacemaker lead impedance optimization', 'Scheduled'),
('AID088', 'PID088', '2026-02-26 09:00:00', 'Dr. Rajesh Gupta', 'Atrial sensitivity threshold verification', 'Cancelled'),
('AID089', 'PID089', '2026-03-21 12:45:00', 'Dr. Neha Kapoor', 'Ventricular tachycardia detection setup', 'Scheduled'),
('AID090', 'PID090', '2026-04-15 16:00:00', 'Dr. Vikram Joshi', 'Pacemaker-mediated event review', 'Completed'),
('AID091', 'PID091', '2026-05-05 10:00:00', 'Dr. Rohan Mehta', 'Battery replacement consultation', 'Scheduled'),
('AID092', 'PID092', '2026-06-11 13:30:00', 'Dr. Aditi Sharma', 'Lead dislodgement assessment', 'Cancelled'),
('AID093', 'PID093', '2026-01-20 08:15:00', 'Dr. Deepika Nair', 'Atrial capture threshold evaluation', 'Scheduled'),
('AID094', 'PID094', '2026-02-17 14:00:00', 'Dr. Sanjay Verma', 'Ventricular safety pacing threshold', 'Completed'),
('AID095', 'PID095', '2026-03-29 11:15:00', 'Dr. Priya Reddy', 'Pacemaker sleep function check', 'Scheduled'),
('AID096', 'PID096', '2026-04-22 09:30:00', 'Dr. Kavita Iyer', 'Atrial lead performance evaluation', 'Cancelled'),
('AID097', 'PID097', '2026-05-16 15:45:00', 'Dr. Anil Choudhary', 'Pacemaker battery consumption calculation', 'Scheduled'),
('AID098', 'PID098', '2026-06-02 10:30:00', 'Dr. Rajesh Gupta', 'Ventricular lead performance review', 'Completed'),
('AID099', 'PID099', '2026-01-09 12:00:00', 'Dr. Neha Kapoor', 'Atrial flutter detection assessment', 'Scheduled'),
('AID100', 'PID100', '2026-02-13 14:15:00', 'Dr. Vikram Joshi', 'Pacemaker connector block inspection', 'Cancelled');

SELECT * FROM APPOINTMENTS;




